	 {"LayName": "eye-L.png", "LayWidth": 16.000000, "LayHeight": 16.000000, "LayID": 18, "ParentID": 0, "LayIn": 0.00, "LayDur": 2.04, "CompIn": 0.00, "CompDur": 2.04, "Normalization": false,
		"SourcePath": "F:/MTKproject/clock10/eye-L.png",
		"Version": "150647513",
			 	"Marker": { 
				 }, 
				 "AnchorPoint": { 
					"X": 0.500000000, "Y": 0.500000000, "Z": 0.000000000
					 }, 
				 "Position": { 
					"Type":[ 0.00 , 0.00 , 0.00 , 0.00 , 0.00 ],
					"Time":[ 0.00 , 0.88 , 1.00 , 1.88 , 2.00 ],
					"X":[ 70.27 , 70.27 , 167.77 , 167.77 , 70.27 ],
					"Y":[ 10.36 , 10.36 , -42.64 , -42.64 , 10.36],
					"Z":[ -1.00 , -1.00 , -1.00 , -1.00 , -1.00 ],
					"InTanX":[ 0.00 , 0.00 , 0.00 , 0.00 , 0.00 ],
					"InTanY":[ 0.00 , 0.00 , 0.00 , 0.00 , 0.00 ],
					"InTanZ":[ 0.00 , 0.00 , 0.00 , 0.00 , 0.00 ],
					"OutTanX":[ 0.00 , 0.00 , 0.00 , 0.00 , 0.00 ],
					"OutTanY":[ 0.00 , 0.00 , 0.00 , 0.00 , 0.00 ],
					"OutTanZ":[ 0.00 , 0.00 , 0.00 , 0.00 , 0.00 ]
				}
,				 "Scale": { 
					"X": 100.00, "Y": 100.00, "Z": 100.00
					 }, 
				 "Rotation": { 
					"Val": 0.00
					 }, 
				 "Opacity": { 
					"Val": 100.00
					 } 
	}
