	 {"LayName": "wing-L.png", "LayWidth": 248.000000, "LayHeight": 338.000000, "LayID": 52, "ParentID": 0, "LayIn": 0.00, "LayDur": 0.28, "CompIn": 0.00, "CompDur": 0.28, "Normalization": false,
		"SourcePath": "F:/MTKproject/clock10/wing-L.png",
		"Version": "150647513",
			 	"Marker": { 
				 }, 
				 "AnchorPoint": { 
					"X": 0.500000000, "Y": 0.500000000, "Z": 0.000000000
					 }, 
				 "Orientation": { 
					"X": 0.00, "Y": 0.00, "Z": 0.00
					 }, 
				 "XRotation": { 
					"Val": 0.00
					 }, 
				 "YRotation": { 
					"Val": 0.00
					 }, 
				 "ZRotation": { 
					"Type":[ 0.00 , 0.00 , 0.00 , 0.00 , 0.00 , 0.00 ],
					"Time":[ 0.00 , 0.20 , 0.48 , 0.80 , 1.24 , 2.00 ],
					"Val":[ -10.00 , 20.00 , 5.00 , 15.00 , 0.00 , -10.00 ],
					"InTanX":[ 0.00 , 0.00 , 0.00 , 0.00 , 0.00 , 0.00 ],
					"OutTanX":[ 0.00 , 0.00 , 0.00 , 0.00 , 0.00 , 0.00 ]
				}
,				 "Opacity": { 
					"Val": 100.00
					 } 
	}
