	 {"LayName": "3.png", "LayWidth": 0.236111, "LayHeight": 0.332031, "LayID": 31, "ParentID": 0, "LayIn": 0.00, "LayDur": 0.84, "CompIn": 0.00, "CompDur": 0.84, "Normalization": true,
		"SourcePath": "F:/MTKproject/clock3/1.png",
		"Version": "22112470",
			 	"Marker": { 
				 }, 
				 "AnchorPoint": { 
					"X": 0.500000000, "Y": 0.500000000, "Z": 0.000000000
					 }, 
				 "Position": { 
					"X": 0.00, "Y": 0.00, "Z": 0.00
					 }, 
				 "Scale": { 
					"Type":[ 0.00 , 0.00 , 0.00 , 0.00 ],
					"Time":[ 0.00 , 0.28 , 0.48 , 0.72 ],
					"X":[ 70.00 , 70.00 , 115.00 , 100.00 ],
					"Y":[ 70.00 , 70.00 , 115.00 , 100.00 ],
					"Z":[ 100.00 , 100.00 , 100.00 , 100.00 ],
					"InTanX":[ 0.00 , 0.00 , 0.00 , 0.00 ],
					"InTanY":[ 0.00 , 0.00 , 0.00 , 0.00 ],
					"InTanZ":[ 0.00 , 0.00 , 0.00 , 0.00 ],
					"OutTanX":[ 0.00 , 0.00 , 0.00 , 0.00 ],
					"OutTanY":[ 0.00 , 0.00 , 0.00 , 0.00 ],
					"OutTanZ":[ 0.00 , 0.00 , 0.00 , 0.00 ]
				}
,				 "Rotation": { 
					"Val": 0.00
					 }, 
				 "Opacity": { 
					"Type":[ 0.00 , 0.00 , 0.00 ],
					"Time":[ 0.00 , 0.28 , 0.48 ],
					"Val":[ 0.00 , 0.00 , 100.00 ],
					"InTanX":[ 0.00 , 0.00 , 0.00 ],
					"OutTanX":[ 0.00 , 0.00 , 0.00 ]
				}
	}
